"variant_id","Gene_Type","shortest_path_len","nmd_gene_name","Gene_name","P","BPcum"
"chr10_41553481_C_T_b38","downstream",NA,NA,"KSR1P1",3.04517446584396e-08,1444023681
"chr11_101897424_T_C_b38","overlapped",NA,NA,"ANGPTL5",5.22364761134658e-09,1545921105
"chr11_101904261_T_C_b38","overlapped",NA,NA,"ANGPTL5",1.93156946069384e-08,1545927942
"chr11_111333621_C_T_b38","downstream",NA,NA,"MIR4491",4.89756198634904e-08,1555357302
"chr11_118886492_C_G_b38","overlapped",6,"UPF1","CXCR5",6.46831145085474e-09,1562910173
"chr12_43670858_T_G_b38","upstream",NA,NA,"EEF1A1P17",2.40626254305281e-08,1606581031
"chr12_43680159_G_A_b38","upstream",NA,NA,"EEF1A1P17",2.40626254305281e-08,1606590332
"chr12_43862254_T_C_b38","overlapped",NA,NA,"TMEM117",2.23313370244953e-10,1606772427
"chr12_43873785_T_C_b38","overlapped",NA,NA,"TMEM117",8.36773228987318e-10,1606783958
"chr12_47933195_A_G_b38","overlapped",4,"EIF4A3","VDR",1.28813002005738e-09,1610843368
"chr12_47937039_G_T_b38","overlapped",4,"EIF4A3","VDR",1.28813002005738e-09,1610847212
"chr12_51961154_A_G_b38","overlapped",4,"AKT1","ACVR1B",1.12434023875297e-08,1614871327
"chr12_64058373_A_G_b38","overlapped",4,"UPF1","SRGAP1",7.07706533863516e-09,1626968546
"chr12_64062469_A_T_b38","overlapped",4,"UPF1","SRGAP1",7.07706533863516e-09,1626972642
"chr12_64079023_A_T_b38","overlapped",4,"UPF1","SRGAP1",7.07706533863516e-09,1626989196
"chr12_96494446_G_A_b38","overlapped",NA,NA,"CFAP54",2.80355286442748e-08,1659404619
"chr13_73419755_T_C_b38","overlapped",NA,NA,"LINC00393",6.07331045197216e-09,1732824374
"chr13_73425168_T_C_b38","overlapped",NA,NA,"LINC00393",6.07331045197216e-09,1732829787
"chr14_104554254_G_A_b38","overlapped",NA,NA,"TMEM179",4.62870492080845e-09,1871263543
"chr14_89118020_C_T_b38","upstream",NA,NA,"MPPE1P1",2.74523557736767e-09,1855827309
"chr14_89119953_A_T_b38","downstream",NA,NA,"FOXN3",3.5076738668123e-08,1855829242
"chr14_89121310_G_A_b38","downstream",NA,NA,"FOXN3",2.74523557736767e-09,1855830599
"chr14_89123581_C_T_b38","downstream",NA,NA,"FOXN3",2.74523557736767e-09,1855832870
"chr14_89127080_G_A_b38","overlapped",NA,NA,"FOXN3",6.58809762468334e-10,1855836369
"chr14_89129936_A_G_b38","overlapped",NA,NA,"FOXN3",6.58809762468334e-10,1855839225
"chr14_89130391_C_T_b38","overlapped",NA,NA,"FOXN3",6.58809762468334e-10,1855839680
"chr14_89130769_C_T_b38","overlapped",NA,NA,"FOXN3",2.32307442669497e-08,1855840058
"chr14_92945306_G_A_b38","overlapped",NA,NA,"ITPK1",2.76393057392948e-08,1859654595
"chr14_92950907_G_A_b38","overlapped",NA,NA,"ITPK1",2.76393057392948e-08,1859660196
"chr14_92953102_C_T_b38","overlapped",NA,NA,"ITPK1",2.76393057392948e-08,1859662391
"chr14_92955059_G_A_b38","overlapped",NA,NA,"ITPK1",2.76393057392948e-08,1859664348
"chr17_15880460_G_T_b38","overlapped",NA,NA,"SPECC1P1",4.92531595632386e-08,1952039337
"chr1_150288186_C_A_b38","upstream",NA,NA,"CIART",1.64592749848109e-08,150288186
"chr1_224495124_G_A_b38","overlapped",NA,NA,"CNIH3",4.36254215433334e-08,224495124
"chr1_24383708_G_A_b38","overlapped",NA,NA,"STPG1",1.48239243979493e-10,24383708
"chr1_41474651_C_T_b38","downstream",NA,NA,"EDN2",1.19166740158993e-08,41474651
"chr20_58324685_T_G_b38","overlapped",5,"AKT1","RAB22A",1.01357873278421e-08,2010364022
"chr2_13776828_C_T_b38","overlapped",NA,NA,"LINC00276",3.01174092724732e-08,238271952
"chr2_168768525_G_A_b38","overlapped",5,"EIF4A3","CERS6",3.88750235272329e-08,393263649
"chr2_20386478_A_G_b38","overlapped",NA,NA,"SLC7A15P",2.71083254374166e-10,244881602
"chr2_45697873_T_C_b38","overlapped",3,"AKT1","PRKCE",1.56492034697371e-08,270192997
"chr3_123712159_T_C_b38","overlapped",NA,NA,"MYLK",8.04660615126171e-11,520449143
"chr3_123714567_A_G_b38","overlapped",NA,NA,"MYLK",2.04051189260566e-09,520451551
"chr3_123714904_T_C_b38","overlapped",NA,NA,"MYLK",2.04051189260566e-09,520451888
"chr3_123715019_G_A_b38","overlapped",NA,NA,"MYLK",2.04051189260566e-09,520452003
"chr3_123715922_A_G_b38","overlapped",NA,NA,"MYLK",4.77168981525452e-10,520452906
"chr3_123716725_C_G_b38","overlapped",NA,NA,"MYLK",2.04051189260566e-09,520453709
"chr3_123716871_T_C_b38","overlapped",NA,NA,"MYLK",2.04051189260566e-09,520453855
"chr3_123717438_C_T_b38","overlapped",NA,NA,"MYLK",2.04051189260566e-09,520454422
"chr3_123717905_G_A_b38","overlapped",NA,NA,"MYLK",2.04051189260566e-09,520454889
"chr3_123719195_G_A_b38","overlapped",NA,NA,"MYLK",2.04051189260566e-09,520456179
"chr3_123720127_G_C_b38","overlapped",NA,NA,"MYLK",2.04051189260566e-09,520457111
"chr3_123741015_T_A_b38","overlapped",NA,NA,"MYLK",8.46364392164624e-09,520477999
"chr3_123741626_A_C_b38","overlapped",NA,NA,"MYLK",8.46364392164624e-09,520478610
"chr3_165996886_C_T_b38","upstream",NA,NA,"BCHE",9.25399793474448e-10,562733870
"chr3_183718354_G_T_b38","overlapped",4,"RNPS1","YEATS2",1.90612736323693e-08,580455338
"chr3_184440662_C_G_b38","overlapped",NA,NA,"LINC02054",2.0309314977729e-08,581177646
"chr3_186372589_T_C_b38","upstream",NA,NA,"DGKG",5.56468400752173e-09,583109573
"chr3_190599279_G_A_b38","overlapped",5,"RNPS1","IL1RAP",3.4747141065027e-09,587336263
"chr3_95799902_C_G_b38","upstream",NA,NA,"MTHFD2P1",5.00374090179744e-09,492536886
"chr4_112748422_A_G_b38","downstream",NA,NA,"RF00019",9.33680886468784e-10,700084685
"chr4_112754330_G_A_b38","downstream",NA,NA,"RF00019",8.28130670069637e-11,700090593
"chr4_112754876_C_T_b38","downstream",NA,NA,"RF00019",8.28130670069637e-11,700091139
"chr4_112754920_A_G_b38","downstream",NA,NA,"RF00019",8.28130670069637e-11,700091183
"chr4_112756541_A_G_b38","upstream",NA,NA,"RF00019",8.28130670069637e-11,700092804
"chr4_112764594_G_A_b38","upstream",NA,NA,"RF00019",2.39159483609105e-08,700100857
"chr4_112765157_C_T_b38","upstream",NA,NA,"RF00019",2.39159483609105e-08,700101420
"chr4_112828361_G_A_b38","overlapped",7,"AKT1","ANK2",1.88412202574631e-08,700164624
"chr4_112831009_G_A_b38","overlapped",7,"AKT1","ANK2",5.86606534457946e-09,700167272
"chr4_112831152_C_T_b38","overlapped",7,"AKT1","ANK2",7.26622716160904e-11,700167415
"chr4_112831253_G_A_b38","overlapped",7,"AKT1","ANK2",1.6525017387073e-10,700167516
"chr4_112832091_G_A_b38","overlapped",7,"AKT1","ANK2",5.86606534457946e-09,700168354
"chr4_112842406_A_G_b38","overlapped",7,"AKT1","ANK2",3.50974797784779e-08,700178669
"chr4_42819917_G_A_b38","downstream",NA,NA,"RN7SKP82",1.34108583219643e-08,630156180
"chr4_43630277_G_A_b38","upstream",NA,NA,"RN7SL691P",8.05122528034139e-09,630966540
"chr4_43639675_G_C_b38","upstream",NA,NA,"RN7SL691P",8.05122528034139e-09,630975938
"chr4_5650646_G_T_b38","overlapped",NA,NA,"EVC2",1.33710932545789e-08,592986909
"chr5_176530405_C_T_b38","overlapped",NA,NA,"RNF44",1.58988633619236e-10,889469030
"chr5_90922764_A_G_b38","overlapped",NA,NA,"ADGRV1",2.03172435570391e-08,803861389
"chr6_109182597_A_G_b38","overlapped",NA,NA,"CCDC162P",1.71402021380696e-08,998651627
"chr6_39059330_C_T_b38","overlapped",NA,NA,"GLP1R",3.0275252088194e-09,928528360
"chr6_39065817_G_A_b38","overlapped",NA,NA,"GLP1R",3.70340181188846e-08,928534847
"chr6_39069399_C_T_b38","overlapped",NA,NA,"GLP1R",7.09239998598125e-09,928538429
"chr6_39073934_C_T_b38","overlapped",NA,NA,"GLP1R",3.70340181188846e-08,928542964
"chr6_39076216_G_A_b38","overlapped",NA,NA,"GLP1R",1.21349632203343e-08,928545246
"chr6_39078023_C_A_b38","overlapped",NA,NA,"GLP1R",4.68799093919421e-09,928547053
"chr6_39085412_C_T_b38","overlapped",NA,NA,"GLP1R",2.64857570383203e-08,928554442
"chr6_5708560_A_G_b38","overlapped",3,"RNPS1","FARS2",4.33057302176203e-08,895177590
"chr6_5709901_T_A_b38","overlapped",3,"RNPS1","FARS2",4.05097211395268e-08,895178931
"chr6_5709995_T_C_b38","overlapped",3,"RNPS1","FARS2",4.05097211395268e-08,895179025
"chr7_124590814_T_G_b38","downstream",NA,NA,"RNU6-102P",8.99997905346626e-09,1156732644
"chr7_124693040_T_C_b38","upstream",NA,NA,"RNU6-102P",2.24349675501718e-08,1156834870
"chr7_124694619_C_T_b38","upstream",NA,NA,"RNU6-102P",2.24349675501718e-08,1156836449
"chr7_134563187_A_G_b38","overlapped",NA,NA,"AKR1B15",2.14633511469962e-08,1166705017
"chr7_134615391_C_T_b38","downstream",7,"UPF1","BPGM",2.14633511469962e-08,1166757221
"chr7_5163521_G_A_b38","downstream",NA,NA,"RNU6-215P",2.85932723730504e-09,1037305351
"chr7_95478760_C_T_b38","overlapped",NA,NA,"ASB4",1.94171661630361e-08,1127620590
"chr7_95482227_C_A_b38","overlapped",NA,NA,"ASB4",1.94171661630361e-08,1127624057
"chr7_95486020_G_C_b38","overlapped",NA,NA,"ASB4",1.94171661630361e-08,1127627850
"chr7_95486756_C_A_b38","overlapped",NA,NA,"ASB4",1.94171661630361e-08,1127628586
"chr7_95487565_A_T_b38","overlapped",NA,NA,"ASB4",1.94171661630361e-08,1127629395
"chr7_95489407_A_G_b38","overlapped",NA,NA,"ASB4",1.94171661630361e-08,1127631237
"chr7_95499710_A_G_b38","overlapped",NA,NA,"ASB4",1.94171661630361e-08,1127641540
"chr8_106533736_T_C_b38","overlapped",NA,NA,"OXR1",2.69483450841344e-08,1273290957
"chr8_128830071_G_A_b38","overlapped",NA,NA,"CCDC26",3.58724359188404e-08,1295587292
"chr8_128837999_T_C_b38","overlapped",NA,NA,"CCDC26",3.58724359188404e-08,1295595220
"chr8_128838208_T_C_b38","overlapped",NA,NA,"CCDC26",3.58724359188404e-08,1295595429
"chr8_32280680_G_T_b38","overlapped",3,"AKT1","NRG1",2.30058007103341e-08,1199037901
"chr9_97782358_G_T_b38","overlapped",NA,NA,"PTCSC2",2.42526019451625e-08,1402218551
"chr9_98034007_A_G_b38","upstream",NA,NA,"RNU6-918P",1.73545691416938e-08,1402470200
"chrX_123758926_G_A_b38","downstream",NA,NA,"MEMO1P4",2.94788983078321e-08,2153865466
"chrX_14026712_A_G_b38","overlapped",3,"UPF1","GEMIN8",5.87586392479989e-09,2044133252
"chrX_144837659_T_C_b38","downstream",NA,NA,"HNRNPCP10",1.33448753030284e-09,2174944199
"chrX_2174092_C_T_b38","downstream",NA,NA,"DHRSX",2.00653229432276e-08,2032280632
"chrX_43612201_G_A_b38","downstream",NA,NA,"MAOA",2.94788983078321e-08,2073718741
"chrX_54428459_G_C_b38","downstream",4,"UPF1","TSR2",4.211322694744e-08,2084534999
"chrX_56473557_A_T_b38","downstream",3,"UPF1","UBQLN2",4.99885038412047e-08,2086580097
"chrX_91383163_C_A_b38","downstream",NA,NA,"PABPC5-AS1",1.85224463058844e-08,2121489703
"chrX_96787707_T_A_b38","overlapped",5,"UPF1","DIAPH2",2.94788983078321e-08,2126894247
