"SNP","CHR","start","end","variant_pos","p_val","n","tissue","rsid","ensembl_gene_stable_id","external_gene_name"
"chr2_168768525_G_A_b38","2",168768525,168768525,"2:168768525",3.88750235272329e-08,129,"Uterus","rs58431993","ENSG00000172292","CERS6"
"chr2_172241860_C_T_b38","2",172241860,172241860,"2:172241860",1.41837132939131e-08,209,"Brain - Cerebellum","rs115344241","",NA
"chr20_58324685_T_G_b38","20",58324685,58324685,"20:58324685",1.01357873278421e-08,129,"Uterus","rs1266849829","ENSG00000124209","RAB22A"
"chr21_19742506_T_G_b38","21",19742506,19742506,"21:19742506",4.34667319667599e-08,237,"Pituitary","rs1245269856","",NA
"chr21_19742512_G_C_b38","21",19742512,19742512,"21:19742512",4.34667319667599e-08,237,"Pituitary","rs987014103","",NA
"chr21_19742518_A_G_b38","21",19742518,19742518,"21:19742518",4.34667319667599e-08,237,"Pituitary","rs1231620152","",NA
"chr3_95799902_C_G_b38","3",95799902,95799902,"3:95799902",5.00374090179744e-09,515,"Lung","rs187966293","",NA
"chr3_123712159_T_C_b38","3",123712159,123712159,"3:123712159",8.04660615126171e-11,706,"Muscle - Skeletal","rs820341","ENSG00000065534","MYLK"
"chr3_123714567_A_G_b38","3",123714567,123714567,"3:123714567",2.04051189260566e-09,706,"Muscle - Skeletal","rs820344","ENSG00000065534","MYLK"
"chr3_123714904_T_C_b38","3",123714904,123714904,"3:123714904",2.04051189260566e-09,706,"Muscle - Skeletal","rs820345","ENSG00000065534","MYLK"
"chr3_123715019_G_A_b38","3",123715019,123715019,"3:123715019",2.04051189260566e-09,706,"Muscle - Skeletal","rs843943","ENSG00000065534","MYLK"
"chr3_123715922_A_G_b38","3",123715922,123715922,"3:123715922",4.77168981525452e-10,706,"Muscle - Skeletal","rs33260","ENSG00000065534","MYLK"
"chr3_123716725_C_G_b38","3",123716725,123716725,"3:123716725",2.04051189260566e-09,706,"Muscle - Skeletal","rs33259","ENSG00000065534","MYLK"
"chr3_123716871_T_C_b38","3",123716871,123716871,"3:123716871",2.04051189260566e-09,706,"Muscle - Skeletal","rs33258","ENSG00000065534","MYLK"
"chr3_123717438_C_T_b38","3",123717438,123717438,"3:123717438",2.04051189260566e-09,706,"Muscle - Skeletal","rs33256","ENSG00000065534","MYLK"
"chr3_123717905_G_A_b38","3",123717905,123717905,"3:123717905",2.04051189260566e-09,706,"Muscle - Skeletal","rs820346","ENSG00000065534","MYLK"
"chr3_123719195_G_A_b38","3",123719195,123719195,"3:123719195",2.04051189260566e-09,706,"Muscle - Skeletal","rs848031","ENSG00000065534","MYLK"
"chr3_123720127_G_C_b38","3",123720127,123720127,"3:123720127",2.04051189260566e-09,706,"Muscle - Skeletal","rs820348","ENSG00000065534","MYLK"
"chr3_123741015_T_A_b38","3",123741015,123741015,"3:123741015",8.46364392164624e-09,706,"Muscle - Skeletal","rs4324427","ENSG00000065534","MYLK"
"chr3_123741626_A_C_b38","3",123741626,123741626,"3:123741626",8.46364392164624e-09,706,"Muscle - Skeletal","rs1456125","ENSG00000065534","MYLK"
"chr3_165996886_C_T_b38","3",165996886,165996886,"3:165996886",9.25399793474448e-10,706,"Muscle - Skeletal","rs111607023","",NA
"chr3_184440662_C_G_b38","3",184440662,184440662,"3:184440662",2.0309314977729e-08,205,"Brain - Cortex","rs13066472","",NA
"chr3_183718354_G_T_b38","3",183718354,183718354,"3:183718354",1.90612736323693e-08,706,"Muscle - Skeletal","rs116652185","ENSG00000163872","YEATS2"
"chr3_186372589_T_C_b38","3",186372589,186372589,"3:186372589",5.56468400752173e-09,706,"Muscle - Skeletal","rs114294589","",NA
"chr3_190599279_G_A_b38","3",190599279,190599279,"3:190599279",3.4747141065027e-09,574,"Thyroid","rs62288217","ENSG00000196083","IL1RAP"
"chr4_5650646_G_T_b38","4",5650646,5650646,"4:5650646",1.33710932545789e-08,209,"Brain - Cerebellum","rs978531186","ENSG00000173040","EVC2"
"chr4_42819917_G_A_b38","4",42819917,42819917,"4:42819917",1.34108583219643e-08,233,"Adrenal Gland","rs149622483","",NA
"chr4_43224346_C_T_b38","4",43224346,43224346,"4:43224346",8.12878306677729e-10,233,"Adrenal Gland","rs141170208","",NA
"chr4_43247871_A_G_b38","4",43247871,43247871,"4:43247871",8.12878306677729e-10,233,"Adrenal Gland","rs151334238","",NA
"chr4_43251889_C_T_b38","4",43251889,43251889,"4:43251889",8.12878306677729e-10,233,"Adrenal Gland","rs144783313","",NA
"chr4_43312059_G_A_b38","4",43312059,43312059,"4:43312059",6.26203284236673e-10,233,"Adrenal Gland","rs139304881","",NA
"chr4_43630277_G_A_b38","4",43630277,43630277,"4:43630277",8.05122528034139e-09,233,"Adrenal Gland","rs147558906","",NA
"chr4_43639675_G_C_b38","4",43639675,43639675,"4:43639675",8.05122528034139e-09,233,"Adrenal Gland","rs191611026","",NA
"chr4_43942121_G_T_b38","4",43942121,43942121,"4:43942121",1.78558075783606e-08,233,"Adrenal Gland","rs112823373","",NA
"chr1_224495124_G_A_b38","1",224495124,224495124,"1:224495124",4.36254215433334e-08,114,"Brain - Substantia nigra","rs1341868","",NA
"chr4_112729971_G_C_b38","4",112729971,112729971,"4:112729971",6.09501371627174e-09,706,"Muscle - Skeletal","rs72904733","",NA
"chr4_112739807_A_G_b38","4",112739807,112739807,"4:112739807",9.94540882748974e-09,706,"Muscle - Skeletal","rs72904740","",NA
"chr4_112748422_A_G_b38","4",112748422,112748422,"4:112748422",9.33680886468784e-10,706,"Muscle - Skeletal","rs72904744","",NA
"chr4_112754330_G_A_b38","4",112754330,112754330,"4:112754330",8.28130670069637e-11,706,"Muscle - Skeletal","rs55662477","",NA
"chr4_112754876_C_T_b38","4",112754876,112754876,"4:112754876",8.28130670069637e-11,706,"Muscle - Skeletal","rs72904756","",NA
"chr4_112754920_A_G_b38","4",112754920,112754920,"4:112754920",8.28130670069637e-11,706,"Muscle - Skeletal","rs72904758","",NA
"chr4_112756541_A_G_b38","4",112756541,112756541,"4:112756541",8.28130670069637e-11,706,"Muscle - Skeletal","rs72904760","",NA
"chr4_112764594_G_A_b38","4",112764594,112764594,"4:112764594",2.39159483609105e-08,706,"Muscle - Skeletal","rs113433339","",NA
"chr4_112765157_C_T_b38","4",112765157,112765157,"4:112765157",2.39159483609105e-08,706,"Muscle - Skeletal","rs60641140","",NA
"chr4_112828361_G_A_b38","4",112828361,112828361,"4:112828361",1.88412202574631e-08,706,"Muscle - Skeletal","rs72906869","",NA
"chr4_112831009_G_A_b38","4",112831009,112831009,"4:112831009",5.86606534457946e-09,706,"Muscle - Skeletal","rs72906884","",NA
"chr4_112831152_C_T_b38","4",112831152,112831152,"4:112831152",7.26622716160904e-11,706,"Muscle - Skeletal","rs112927035","",NA
"chr4_112831253_G_A_b38","4",112831253,112831253,"4:112831253",1.6525017387073e-10,706,"Muscle - Skeletal","rs112268469","",NA
"chr4_112832091_G_A_b38","4",112832091,112832091,"4:112832091",5.86606534457946e-09,706,"Muscle - Skeletal","rs75796867","",NA
"chr4_112842406_A_G_b38","4",112842406,112842406,"4:112842406",3.50974797784779e-08,706,"Muscle - Skeletal","rs72908829","",NA
"chr4_125602362_T_C_b38","4",125602362,125602362,"4:125602362",4.34623444644931e-08,706,"Muscle - Skeletal","rs988126","",NA
"chr5_57438193_C_A_b38","5",57438193,57438193,"5:57438193",3.56043103751563e-08,706,"Muscle - Skeletal","rs76882999","",NA
"chr5_57449388_T_A_b38","5",57449388,57449388,"5:57449388",1.20035733624128e-08,706,"Muscle - Skeletal","rs79368510","",NA
"chr5_90922764_A_G_b38","5",90922764,90922764,"5:90922764",2.03172435570391e-08,209,"Brain - Cerebellum","rs143507188","ENSG00000164199","ADGRV1"
"chr5_122188062_G_A_b38","5",122188062,122188062,"5:122188062",1.01999993420449e-08,209,"Brain - Cerebellum","rs141683956","",NA
"chr5_176530405_C_T_b38","5",176530405,176530405,"5:176530405",1.58988633619236e-10,209,"Brain - Cerebellum","rs184629935","ENSG00000146083","RNF44"
"chr6_5708560_A_G_b38","6",5708560,5708560,"6:5708560",4.33057302176203e-08,517,"Skin - Not Sun Exposed (Suprapubic)","rs7756967","ENSG00000145982","FARS2"
"chr6_5709901_T_A_b38","6",5709901,5709901,"6:5709901",4.05097211395268e-08,517,"Skin - Not Sun Exposed (Suprapubic)","rs13210673","ENSG00000145982","FARS2"
"chr6_5709995_T_C_b38","6",5709995,5709995,"6:5709995",4.05097211395268e-08,517,"Skin - Not Sun Exposed (Suprapubic)","rs13210778","ENSG00000145982","FARS2"
"chr6_39059330_C_T_b38","6",39059330,39059330,"6:39059330",3.0275252088194e-09,209,"Brain - Cerebellum","rs59902637","ENSG00000112164","GLP1R"
"chr6_39065817_G_A_b38","6",39065817,39065817,"6:39065817",3.70340181188846e-08,209,"Brain - Cerebellum","rs3765468","ENSG00000112164","GLP1R"
"chr6_39069399_C_T_b38","6",39069399,39069399,"6:39069399",7.09239998598125e-09,209,"Brain - Cerebellum","rs144285292","ENSG00000112164","GLP1R"
"chr6_39073934_C_T_b38","6",39073934,39073934,"6:39073934",3.70340181188846e-08,209,"Brain - Cerebellum","rs10305479","ENSG00000112164","GLP1R"
"chr6_39076216_G_A_b38","6",39076216,39076216,"6:39076216",1.21349632203343e-08,209,"Brain - Cerebellum","rs2268645","ENSG00000112164","GLP1R"
"chr6_39078023_C_A_b38","6",39078023,39078023,"6:39078023",4.68799093919421e-09,209,"Brain - Cerebellum","rs1076734","ENSG00000112164","GLP1R"
"chr6_39085412_C_T_b38","6",39085412,39085412,"6:39085412",2.64857570383203e-08,209,"Brain - Cerebellum","rs2235866","ENSG00000112164","GLP1R"
"chr6_109182597_A_G_b38","6",109182597,109182597,"6:109182597",1.71402021380696e-08,706,"Muscle - Skeletal","rs352850","",NA
"chr6_142655372_C_T_b38","6",142655372,142655372,"6:142655372",1.2840340122342e-08,605,"Skin - Sun Exposed (Lower leg)","rs73777995","",NA
"chr6_142658062_T_A_b38","6",142658062,142658062,"6:142658062",4.46589475111694e-08,605,"Skin - Sun Exposed (Lower leg)","rs115823196","",NA
"chr6_142658119_A_T_b38","6",142658119,142658119,"6:142658119",4.46589475111694e-08,605,"Skin - Sun Exposed (Lower leg)","rs78320686","",NA
"chr6_142660032_C_G_b38","6",142660032,142660032,"6:142660032",4.46589475111694e-08,605,"Skin - Sun Exposed (Lower leg)","rs74801228","",NA
"chr6_142660552_C_A_b38","6",142660552,142660552,"6:142660552",4.46589475111694e-08,605,"Skin - Sun Exposed (Lower leg)","rs116378046","",NA
"chr6_142660782_A_C_b38","6",142660782,142660782,"6:142660782",4.46589475111694e-08,605,"Skin - Sun Exposed (Lower leg)","rs79892170","",NA
"chr6_142660936_G_T_b38","6",142660936,142660936,"6:142660936",4.46589475111694e-08,605,"Skin - Sun Exposed (Lower leg)","rs115067741","",NA
"chr6_142662790_C_T_b38","6",142662790,142662790,"6:142662790",4.46589475111694e-08,605,"Skin - Sun Exposed (Lower leg)","rs143939309","",NA
"chr6_142666170_C_T_b38","6",142666170,142666170,"6:142666170",4.46589475111694e-08,605,"Skin - Sun Exposed (Lower leg)","rs114868613","",NA
"chr6_142667945_A_T_b38","6",142667945,142667945,"6:142667945",4.46589475111694e-08,605,"Skin - Sun Exposed (Lower leg)","rs77635355","",NA
"chr6_142670217_G_T_b38","6",142670217,142670217,"6:142670217",4.46589475111694e-08,605,"Skin - Sun Exposed (Lower leg)","rs78194282","",NA
"chr6_142672304_G_A_b38","6",142672304,142672304,"6:142672304",4.46589475111694e-08,605,"Skin - Sun Exposed (Lower leg)","rs76652487","",NA
"chr6_142672800_T_C_b38","6",142672800,142672800,"6:142672800",4.46589475111694e-08,605,"Skin - Sun Exposed (Lower leg)","rs77235829","",NA
"chr7_5163521_G_A_b38","7",5163521,5163521,"7:5163521",2.85932723730504e-09,706,"Muscle - Skeletal","rs10276251","",NA
"chr7_95474190_T_C_b38","7",95474190,95474190,"7:95474190",1.94171661630361e-08,706,"Muscle - Skeletal","rs77945909","",NA
"chr7_95474368_C_T_b38","7",95474368,95474368,"7:95474368",1.94171661630361e-08,706,"Muscle - Skeletal","rs78084603","",NA
"chr7_95478760_C_T_b38","7",95478760,95478760,"7:95478760",1.94171661630361e-08,706,"Muscle - Skeletal","rs76892510","",NA
"chr7_95482227_C_A_b38","7",95482227,95482227,"7:95482227",1.94171661630361e-08,706,"Muscle - Skeletal","rs75588952","",NA
"chr7_95486020_G_C_b38","7",95486020,95486020,"7:95486020",1.94171661630361e-08,706,"Muscle - Skeletal","rs35047380","ENSG00000005981","ASB4"
"chr7_95486756_C_A_b38","7",95486756,95486756,"7:95486756",1.94171661630361e-08,706,"Muscle - Skeletal","rs116179696","ENSG00000005981","ASB4"
"chr7_95487565_A_T_b38","7",95487565,95487565,"7:95487565",1.94171661630361e-08,706,"Muscle - Skeletal","rs78446092","ENSG00000005981","ASB4"
"chr7_95489407_A_G_b38","7",95489407,95489407,"7:95489407",1.94171661630361e-08,706,"Muscle - Skeletal","rs76440896","ENSG00000005981","ASB4"
"chr7_95499710_A_G_b38","7",95499710,95499710,"7:95499710",1.94171661630361e-08,706,"Muscle - Skeletal","rs77626949","ENSG00000005981","ASB4"
"chr7_124590814_T_G_b38","7",124590814,124590814,"7:124590814",8.99997905346626e-09,706,"Muscle - Skeletal","rs115594375","",NA
"chr7_124693040_T_C_b38","7",124693040,124693040,"7:124693040",2.24349675501718e-08,706,"Muscle - Skeletal","rs76157203","",NA
"chr7_124694619_C_T_b38","7",124694619,124694619,"7:124694619",2.24349675501718e-08,706,"Muscle - Skeletal","rs114850182","",NA
"chr7_124695580_C_T_b38","7",124695580,124695580,"7:124695580",2.24349675501718e-08,706,"Muscle - Skeletal","rs139805794","",NA
"chr7_134563187_A_G_b38","7",134563187,134563187,"7:134563187",2.14633511469962e-08,233,"Adrenal Gland","rs190919068","ENSG00000227471","AKR1B15"
"chr7_134615391_C_T_b38","7",134615391,134615391,"7:134615391",2.14633511469962e-08,233,"Adrenal Gland","rs185865734","",NA
"chr1_24383708_G_A_b38","1",24383708,24383708,"1:24383708",1.48239243979493e-10,706,"Muscle - Skeletal","rs74944455","ENSG00000001460","STPG1"
"chr8_32280680_G_T_b38","8",32280680,32280680,"8:32280680",2.30058007103341e-08,209,"Brain - Cerebellum","rs113874547","",NA
"chr8_106533736_T_C_b38","8",106533736,106533736,"8:106533736",2.69483450841344e-08,209,"Brain - Cerebellum","rs1789965","ENSG00000164830","OXR1"
"chr8_128830071_G_A_b38","8",128830071,128830071,"8:128830071",3.58724359188404e-08,706,"Muscle - Skeletal","rs7830165","",NA
"chr8_128837999_T_C_b38","8",128837999,128837999,"8:128837999",3.58724359188404e-08,706,"Muscle - Skeletal","rs73708220","",NA
"chr8_128838208_T_C_b38","8",128838208,128838208,"8:128838208",3.58724359188404e-08,706,"Muscle - Skeletal","rs58260934","",NA
"chr8_137670315_G_C_b38","8",137670315,137670315,"8:137670315",7.56158830204508e-09,706,"Muscle - Skeletal","rs73715126","",NA
"chr8_137672585_G_A_b38","8",137672585,137672585,"8:137672585",7.64437675360393e-09,706,"Muscle - Skeletal","rs7842023","",NA
"chr8_137678972_G_A_b38","8",137678972,137678972,"8:137678972",7.56158830204508e-09,706,"Muscle - Skeletal","rs73713029","",NA
"chr10_41553481_C_T_b38","10",41553481,41553481,"10:41553481",3.04517446584396e-08,227,"Spleen","rs1261585769","",NA
"chr9_35774194_T_C_b38","9",35774194,35774194,"9:35774194",8.18518159405586e-09,706,"Muscle - Skeletal","rs80242029","",NA
"chr9_97782358_G_T_b38","9",97782358,97782358,"9:97782358",2.42526019451625e-08,372,"Heart - Atrial Appendage","rs182670658","",NA
"chr9_98034007_A_G_b38","9",98034007,98034007,"9:98034007",1.73545691416938e-08,372,"Heart - Atrial Appendage","rs139717717","",NA
"chrX_100283_C_T_b38","X",100283,100283,"X:100283",2.20885730639853e-08,209,"Brain - Cerebellum",NA,NA,NA
"chrX_2174092_C_T_b38","X",2174092,2174092,"X:2174092",2.00653229432276e-08,706,"Muscle - Skeletal",NA,NA,NA
"chrX_8041834_T_C_b38","X",8041834,8041834,"X:8041834",2.03172435570389e-08,209,"Brain - Cerebellum","rs186286235","",NA
"chrX_14026712_A_G_b38","X",14026712,14026712,"X:14026712",5.87586392479989e-09,209,"Brain - Cerebellum","rs4830902","ENSG00000046647","GEMIN8"
"chrX_43612201_G_A_b38","X",43612201,43612201,"X:43612201",2.94788983078321e-08,209,"Brain - Cerebellum","rs150268978","",NA
"chrX_54428459_G_C_b38","X",54428459,54428459,"X:54428459",4.211322694744e-08,515,"Lung","rs181989802","",NA
"chrX_56473557_A_T_b38","X",56473557,56473557,"X:56473557",4.99885038412047e-08,515,"Lung","rs142701651","",NA
"chrX_91383163_C_A_b38","X",91383163,91383163,"X:91383163",1.85224463058844e-08,706,"Muscle - Skeletal","rs112102162","",NA
"chrX_96787707_T_A_b38","X",96787707,96787707,"X:96787707",2.94788983078321e-08,209,"Brain - Cerebellum","rs867798569","ENSG00000147202","DIAPH2"
"chrX_123758926_G_A_b38","X",123758926,123758926,"X:123758926",2.94788983078321e-08,209,"Brain - Cerebellum","rs192842134","",NA
"chrX_144837659_T_C_b38","X",144837659,144837659,"X:144837659",1.33448753030284e-09,209,"Brain - Cerebellum","rs1887615","",NA
"chr1_41474651_C_T_b38","1",41474651,41474651,"1:41474651",1.19166740158993e-08,605,"Skin - Sun Exposed (Lower leg)","rs78549974","",NA
"chr11_101897424_T_C_b38","11",101897424,101897424,"11:101897424",5.22364761134658e-09,706,"Muscle - Skeletal","rs141741604","ENSG00000187151","ANGPTL5"
"chr11_101904261_T_C_b38","11",101904261,101904261,"11:101904261",1.93156946069384e-08,706,"Muscle - Skeletal","rs7102697","ENSG00000187151","ANGPTL5"
"chr11_111326257_G_T_b38","11",111326257,111326257,"11:111326257",4.89756198634904e-08,706,"Muscle - Skeletal","rs113191867","",NA
"chr11_111333621_C_T_b38","11",111333621,111333621,"11:111333621",4.89756198634904e-08,706,"Muscle - Skeletal","rs17112635","",NA
"chr11_118886492_C_G_b38","11",118886492,118886492,"11:118886492",6.46831145085474e-09,706,"Muscle - Skeletal","rs3176908","ENSG00000160683","CXCR5"
"chr12_43633165_C_A_b38","12",43633165,43633165,"12:43633165",2.40626254305281e-08,706,"Muscle - Skeletal","rs277209","",NA
"chr12_43634158_A_G_b38","12",43634158,43634158,"12:43634158",2.40626254305281e-08,706,"Muscle - Skeletal","rs166733","",NA
"chr12_43645409_C_T_b38","12",43645409,43645409,"12:43645409",2.40626254305281e-08,706,"Muscle - Skeletal","rs393659","",NA
"chr12_43670858_T_G_b38","12",43670858,43670858,"12:43670858",2.40626254305281e-08,706,"Muscle - Skeletal","rs277218","",NA
"chr12_43680159_G_A_b38","12",43680159,43680159,"12:43680159",2.40626254305281e-08,706,"Muscle - Skeletal","rs580385","",NA
"chr12_43862254_T_C_b38","12",43862254,43862254,"12:43862254",2.23313370244953e-10,706,"Muscle - Skeletal","rs1619469","ENSG00000139173","TMEM117"
"chr12_43873785_T_C_b38","12",43873785,43873785,"12:43873785",8.36773228987318e-10,706,"Muscle - Skeletal","rs1320920","ENSG00000139173","TMEM117"
"chr12_47933195_A_G_b38","12",47933195,47933195,"12:47933195",1.28813002005738e-09,706,"Muscle - Skeletal","rs146969424","",NA
"chr12_47937039_G_T_b38","12",47937039,47937039,"12:47937039",1.28813002005738e-09,706,"Muscle - Skeletal","rs74389392","",NA
"chr12_51961154_A_G_b38","12",51961154,51961154,"12:51961154",1.12434023875297e-08,706,"Muscle - Skeletal","rs11169965","ENSG00000135503","ACVR1B"
"chr12_64058373_A_G_b38","12",64058373,64058373,"12:64058373",7.07706533863516e-09,706,"Muscle - Skeletal","rs789719","ENSG00000196935","SRGAP1"
"chr12_64062469_A_T_b38","12",64062469,64062469,"12:64062469",7.07706533863516e-09,706,"Muscle - Skeletal","rs789714","ENSG00000196935","SRGAP1"
"chr12_64079023_A_T_b38","12",64079023,64079023,"12:64079023",7.07706533863516e-09,706,"Muscle - Skeletal","rs789710","ENSG00000196935","SRGAP1"
"chr12_96494446_G_A_b38","12",96494446,96494446,"12:96494446",2.80355286442748e-08,497,"Esophagus - Mucosa","rs7298412","ENSG00000188596","CFAP54"
"chr13_73419755_T_C_b38","13",73419755,73419755,"13:73419755",6.07331045197216e-09,209,"Brain - Cerebellum","rs9564982","",NA
"chr13_73425168_T_C_b38","13",73425168,73425168,"13:73425168",6.07331045197216e-09,209,"Brain - Cerebellum","rs9573192","",NA
"chr13_107304670_C_A_b38","13",107304670,107304670,"13:107304670",2.09678891437965e-08,532,"Nerve - Tibial","rs4772870","ENSG00000204442","NALF1"
"chr14_89118020_C_T_b38","14",89118020,89118020,"14:89118020",2.74523557736767e-09,706,"Muscle - Skeletal","rs73319219","",NA
"chr14_89119953_A_T_b38","14",89119953,89119953,"14:89119953",3.5076738668123e-08,706,"Muscle - Skeletal","rs73319223","",NA
"chr14_89121310_G_A_b38","14",89121310,89121310,"14:89121310",2.74523557736767e-09,706,"Muscle - Skeletal","rs73319225","",NA
"chr14_89123581_C_T_b38","14",89123581,89123581,"14:89123581",2.74523557736767e-09,706,"Muscle - Skeletal","rs55836836","",NA
"chr14_89127080_G_A_b38","14",89127080,89127080,"14:89127080",6.58809762468334e-10,706,"Muscle - Skeletal","rs58360016","",NA
"chr14_89129936_A_G_b38","14",89129936,89129936,"14:89129936",6.58809762468334e-10,706,"Muscle - Skeletal","rs17125357","",NA
"chr14_89130391_C_T_b38","14",89130391,89130391,"14:89130391",6.58809762468334e-10,706,"Muscle - Skeletal","rs8012353","",NA
"chr14_89130769_C_T_b38","14",89130769,89130769,"14:89130769",2.32307442669497e-08,706,"Muscle - Skeletal","rs189744357","",NA
"chr14_92945306_G_A_b38","14",92945306,92945306,"14:92945306",2.76393057392948e-08,706,"Muscle - Skeletal","rs115876597","ENSG00000100605","ITPK1"
"chr14_92950907_G_A_b38","14",92950907,92950907,"14:92950907",2.76393057392948e-08,706,"Muscle - Skeletal","rs74921205","ENSG00000100605","ITPK1"
"chr14_92953102_C_T_b38","14",92953102,92953102,"14:92953102",2.76393057392948e-08,706,"Muscle - Skeletal","rs115697777","ENSG00000100605","ITPK1"
"chr14_92955059_G_A_b38","14",92955059,92955059,"14:92955059",2.76393057392948e-08,706,"Muscle - Skeletal","rs79898225","ENSG00000100605","ITPK1"
"chr14_104554254_G_A_b38","14",104554254,104554254,"14:104554254",4.62870492080845e-09,706,"Muscle - Skeletal","rs74350147","",NA
"chr15_56562466_C_A_b38","15",56562466,56562466,"15:56562466",4.90832107250996e-09,706,"Muscle - Skeletal","rs140159377","",NA
"chr15_56577755_G_T_b38","15",56577755,56577755,"15:56577755",4.90832107250996e-09,706,"Muscle - Skeletal","rs73421950","",NA
"chr15_64895334_C_T_b38","15",64895334,64895334,"15:64895334",4.01883082385624e-09,209,"Brain - Cerebellum","rs111885895","",NA
"chr17_15880460_G_T_b38","17",15880460,15880460,"17:15880460",4.92531595632386e-08,605,"Skin - Sun Exposed (Lower leg)","rs149358881","",NA
"chr1_150288186_C_A_b38","1",150288186,150288186,"1:150288186",1.64592749848109e-08,233,"Adrenal Gland","rs1294883718","",NA
"chr2_174435_A_T_b38","2",174435,174435,"2:174435",9.36272280172251e-09,209,"Brain - Cerebellum","rs867839652","",NA
"chr2_13776828_C_T_b38","2",13776828,13776828,"2:13776828",3.01174092724732e-08,515,"Lung","rs551725112","",NA
"chr2_20234563_G_T_b38","2",20234563,20234563,"2:20234563",2.71083254374166e-10,706,"Muscle - Skeletal","rs11677159","",NA
"chr2_20386478_A_G_b38","2",20386478,20386478,"2:20386478",2.71083254374166e-10,706,"Muscle - Skeletal","rs343159","",NA
"chr2_45697873_T_C_b38","2",45697873,45697873,"2:45697873",1.56492034697371e-08,515,"Lung","rs41311597","ENSG00000171132","PRKCE"
