"chr","pos","p_val","tissue"
1,24383708,1.48239243979493e-10,"Muscle - Skeletal"
1,41474651,1.19166740158993e-08,"Skin - Sun Exposed (Lower leg)"
1,150288186,1.64592749848109e-08,"Adrenal Gland"
1,224495124,4.36254215433334e-08,"Brain - Substantia nigra"
2,174435,9.36272280172251e-09,"Brain - Cerebellum"
2,13776828,3.01174092724732e-08,"Lung"
2,20234563,2.71083254374166e-10,"Muscle - Skeletal"
2,20386478,2.71083254374166e-10,"Muscle - Skeletal"
2,45697873,1.56492034697371e-08,"Lung"
2,168768525,3.88750235272329e-08,"Uterus"
2,172241860,1.41837132939131e-08,"Brain - Cerebellum"
3,95799902,5.00374090179744e-09,"Lung"
3,123712159,8.04660615126171e-11,"Muscle - Skeletal"
3,123714567,2.04051189260566e-09,"Muscle - Skeletal"
3,123714904,2.04051189260566e-09,"Muscle - Skeletal"
3,123715019,2.04051189260566e-09,"Muscle - Skeletal"
3,123715922,4.77168981525452e-10,"Muscle - Skeletal"
3,123716725,2.04051189260566e-09,"Muscle - Skeletal"
3,123716871,2.04051189260566e-09,"Muscle - Skeletal"
3,123717438,2.04051189260566e-09,"Muscle - Skeletal"
3,123717905,2.04051189260566e-09,"Muscle - Skeletal"
3,123719195,2.04051189260566e-09,"Muscle - Skeletal"
3,123720127,2.04051189260566e-09,"Muscle - Skeletal"
3,123741015,8.46364392164624e-09,"Muscle - Skeletal"
3,123741626,8.46364392164624e-09,"Muscle - Skeletal"
3,165996886,9.25399793474448e-10,"Muscle - Skeletal"
3,183718354,1.90612736323693e-08,"Muscle - Skeletal"
3,184440662,2.0309314977729e-08,"Brain - Cortex"
3,186372589,5.56468400752173e-09,"Muscle - Skeletal"
3,190599279,3.4747141065027e-09,"Thyroid"
4,5650646,1.33710932545789e-08,"Brain - Cerebellum"
4,42819917,1.34108583219643e-08,"Adrenal Gland"
4,43224346,8.12878306677729e-10,"Adrenal Gland"
4,43247871,8.12878306677729e-10,"Adrenal Gland"
4,43251889,8.12878306677729e-10,"Adrenal Gland"
4,43312059,6.26203284236673e-10,"Adrenal Gland"
4,43630277,8.05122528034139e-09,"Adrenal Gland"
4,43639675,8.05122528034139e-09,"Adrenal Gland"
4,43942121,1.78558075783606e-08,"Adrenal Gland"
4,112729971,6.09501371627174e-09,"Muscle - Skeletal"
4,112739807,9.94540882748974e-09,"Muscle - Skeletal"
4,112748422,9.33680886468784e-10,"Muscle - Skeletal"
4,112754330,8.28130670069637e-11,"Muscle - Skeletal"
4,112754876,8.28130670069637e-11,"Muscle - Skeletal"
4,112754920,8.28130670069637e-11,"Muscle - Skeletal"
4,112756541,8.28130670069637e-11,"Muscle - Skeletal"
4,112764594,2.39159483609105e-08,"Muscle - Skeletal"
4,112765157,2.39159483609105e-08,"Muscle - Skeletal"
4,112828361,1.88412202574631e-08,"Muscle - Skeletal"
4,112831009,5.86606534457946e-09,"Muscle - Skeletal"
4,112831152,7.26622716160904e-11,"Muscle - Skeletal"
4,112831253,1.6525017387073e-10,"Muscle - Skeletal"
4,112832091,5.86606534457946e-09,"Muscle - Skeletal"
4,112842406,3.50974797784779e-08,"Muscle - Skeletal"
4,125602362,4.34623444644931e-08,"Muscle - Skeletal"
5,57438193,3.56043103751563e-08,"Muscle - Skeletal"
5,57449388,1.20035733624128e-08,"Muscle - Skeletal"
5,90922764,2.03172435570391e-08,"Brain - Cerebellum"
5,122188062,1.01999993420449e-08,"Brain - Cerebellum"
5,176530405,1.58988633619236e-10,"Brain - Cerebellum"
6,5708560,4.33057302176203e-08,"Skin - Not Sun Exposed (Suprapubic)"
6,5709901,4.05097211395268e-08,"Skin - Not Sun Exposed (Suprapubic)"
6,5709995,4.05097211395268e-08,"Skin - Not Sun Exposed (Suprapubic)"
6,39059330,3.0275252088194e-09,"Brain - Cerebellum"
6,39065817,3.70340181188846e-08,"Brain - Cerebellum"
6,39069399,7.09239998598125e-09,"Brain - Cerebellum"
6,39073934,3.70340181188846e-08,"Brain - Cerebellum"
6,39076216,1.21349632203343e-08,"Brain - Cerebellum"
6,39078023,4.68799093919421e-09,"Brain - Cerebellum"
6,39085412,2.64857570383203e-08,"Brain - Cerebellum"
6,109182597,1.71402021380696e-08,"Muscle - Skeletal"
6,142655372,1.2840340122342e-08,"Skin - Sun Exposed (Lower leg)"
6,142658062,4.46589475111694e-08,"Skin - Sun Exposed (Lower leg)"
6,142658119,4.46589475111694e-08,"Skin - Sun Exposed (Lower leg)"
6,142660032,4.46589475111694e-08,"Skin - Sun Exposed (Lower leg)"
6,142660552,4.46589475111694e-08,"Skin - Sun Exposed (Lower leg)"
6,142660782,4.46589475111694e-08,"Skin - Sun Exposed (Lower leg)"
6,142660936,4.46589475111694e-08,"Skin - Sun Exposed (Lower leg)"
6,142662790,4.46589475111694e-08,"Skin - Sun Exposed (Lower leg)"
6,142666170,4.46589475111694e-08,"Skin - Sun Exposed (Lower leg)"
6,142667945,4.46589475111694e-08,"Skin - Sun Exposed (Lower leg)"
6,142670217,4.46589475111694e-08,"Skin - Sun Exposed (Lower leg)"
6,142672304,4.46589475111694e-08,"Skin - Sun Exposed (Lower leg)"
6,142672800,4.46589475111694e-08,"Skin - Sun Exposed (Lower leg)"
7,5163521,2.85932723730504e-09,"Muscle - Skeletal"
7,95474190,1.94171661630361e-08,"Muscle - Skeletal"
7,95474368,1.94171661630361e-08,"Muscle - Skeletal"
7,95478760,1.94171661630361e-08,"Muscle - Skeletal"
7,95482227,1.94171661630361e-08,"Muscle - Skeletal"
7,95486020,1.94171661630361e-08,"Muscle - Skeletal"
7,95486756,1.94171661630361e-08,"Muscle - Skeletal"
7,95487565,1.94171661630361e-08,"Muscle - Skeletal"
7,95489407,1.94171661630361e-08,"Muscle - Skeletal"
7,95499710,1.94171661630361e-08,"Muscle - Skeletal"
7,124590814,8.99997905346626e-09,"Muscle - Skeletal"
7,124693040,2.24349675501718e-08,"Muscle - Skeletal"
7,124694619,2.24349675501718e-08,"Muscle - Skeletal"
7,124695580,2.24349675501718e-08,"Muscle - Skeletal"
7,134563187,2.14633511469962e-08,"Adrenal Gland"
7,134615391,2.14633511469962e-08,"Adrenal Gland"
8,32280680,2.30058007103341e-08,"Brain - Cerebellum"
8,106533736,2.69483450841344e-08,"Brain - Cerebellum"
8,128830071,3.58724359188404e-08,"Muscle - Skeletal"
8,128837999,3.58724359188404e-08,"Muscle - Skeletal"
8,128838208,3.58724359188404e-08,"Muscle - Skeletal"
8,137670315,7.56158830204508e-09,"Muscle - Skeletal"
8,137672585,7.64437675360393e-09,"Muscle - Skeletal"
8,137678972,7.56158830204508e-09,"Muscle - Skeletal"
9,35774194,8.18518159405586e-09,"Muscle - Skeletal"
9,97782358,2.42526019451625e-08,"Heart - Atrial Appendage"
9,98034007,1.73545691416938e-08,"Heart - Atrial Appendage"
10,41553481,3.04517446584396e-08,"Spleen"
11,101897424,5.22364761134658e-09,"Muscle - Skeletal"
11,101904261,1.93156946069384e-08,"Muscle - Skeletal"
11,111326257,4.89756198634904e-08,"Muscle - Skeletal"
11,111333621,4.89756198634904e-08,"Muscle - Skeletal"
11,118886492,6.46831145085474e-09,"Muscle - Skeletal"
12,43633165,2.40626254305281e-08,"Muscle - Skeletal"
12,43634158,2.40626254305281e-08,"Muscle - Skeletal"
12,43645409,2.40626254305281e-08,"Muscle - Skeletal"
12,43670858,2.40626254305281e-08,"Muscle - Skeletal"
12,43680159,2.40626254305281e-08,"Muscle - Skeletal"
12,43862254,2.23313370244953e-10,"Muscle - Skeletal"
12,43873785,8.36773228987318e-10,"Muscle - Skeletal"
12,47933195,1.28813002005738e-09,"Muscle - Skeletal"
12,47937039,1.28813002005738e-09,"Muscle - Skeletal"
12,51961154,1.12434023875297e-08,"Muscle - Skeletal"
12,64058373,7.07706533863516e-09,"Muscle - Skeletal"
12,64062469,7.07706533863516e-09,"Muscle - Skeletal"
12,64079023,7.07706533863516e-09,"Muscle - Skeletal"
12,96494446,2.80355286442748e-08,"Esophagus - Mucosa"
13,73419755,6.07331045197216e-09,"Brain - Cerebellum"
13,73425168,6.07331045197216e-09,"Brain - Cerebellum"
13,107304670,2.09678891437965e-08,"Nerve - Tibial"
14,89118020,2.74523557736767e-09,"Muscle - Skeletal"
14,89119953,3.5076738668123e-08,"Muscle - Skeletal"
14,89121310,2.74523557736767e-09,"Muscle - Skeletal"
14,89123581,2.74523557736767e-09,"Muscle - Skeletal"
14,89127080,6.58809762468334e-10,"Muscle - Skeletal"
14,89129936,6.58809762468334e-10,"Muscle - Skeletal"
14,89130391,6.58809762468334e-10,"Muscle - Skeletal"
14,89130769,2.32307442669497e-08,"Muscle - Skeletal"
14,92945306,2.76393057392948e-08,"Muscle - Skeletal"
14,92950907,2.76393057392948e-08,"Muscle - Skeletal"
14,92953102,2.76393057392948e-08,"Muscle - Skeletal"
14,92955059,2.76393057392948e-08,"Muscle - Skeletal"
14,104554254,4.62870492080845e-09,"Muscle - Skeletal"
15,56562466,4.90832107250996e-09,"Muscle - Skeletal"
15,56577755,4.90832107250996e-09,"Muscle - Skeletal"
15,64895334,4.01883082385624e-09,"Brain - Cerebellum"
17,15880460,4.92531595632386e-08,"Skin - Sun Exposed (Lower leg)"
20,58324685,1.01357873278421e-08,"Uterus"
21,19742506,4.34667319667599e-08,"Pituitary"
21,19742512,4.34667319667599e-08,"Pituitary"
21,19742518,4.34667319667599e-08,"Pituitary"
23,100283,2.20885730639853e-08,"Brain - Cerebellum"
23,2174092,2.00653229432276e-08,"Muscle - Skeletal"
23,8041834,2.03172435570389e-08,"Brain - Cerebellum"
23,14026712,5.87586392479989e-09,"Brain - Cerebellum"
23,43612201,2.94788983078321e-08,"Brain - Cerebellum"
23,54428459,4.211322694744e-08,"Lung"
23,56473557,4.99885038412047e-08,"Lung"
23,91383163,1.85224463058844e-08,"Muscle - Skeletal"
23,96787707,2.94788983078321e-08,"Brain - Cerebellum"
23,123758926,2.94788983078321e-08,"Brain - Cerebellum"
23,144837659,1.33448753030284e-09,"Brain - Cerebellum"
